first_name,last_name,email,user_name,password
Jule,Ropartz,jropartz0@indiatimes.com,jropartz0,iZcoUSbSE
Teresita,Putland,tputland1@nifty.com,tputland1,tVwR6Kqa
Leora,Berk,lberk2@canalblog.com,lberk2,OY21oB0
Verene,Zoren,vzoren3@tuttocitta.it,vzoren3,Hw865cTi
Roma,Saunter,rsaunter4@list-manage.com,rsaunter4,SBg0FjPnP3P3
